<?xml version="1.0" encoding="UTF-8"?>
<project-private xmlns="http://www.netbeans.org/ns/project-private/1">
    <editor-bookmarks xmlns="http://www.netbeans.org/ns/editor-bookmarks/2" lastBookmarkId="0"/>
    <open-files xmlns="http://www.netbeans.org/ns/projectui-open-files/2">
        <group>
            <file>file:/C:/Users/USER/Documents/NetBeansProjects/TEACHERFEEDBACKSYSTEM/src/teacherfeedbacksystem/StudentLogin.java</file>
            <file>file:/C:/Users/USER/Documents/NetBeansProjects/TEACHERFEEDBACKSYSTEM/src/teacherfeedbacksystem/Student.java</file>
            <file>file:/C:/Users/USER/Documents/NetBeansProjects/TEACHERFEEDBACKSYSTEM/src/teacherfeedbacksystem/Registrationofstudent.java</file>
            <file>file:/C:/Users/USER/Documents/NetBeansProjects/TEACHERFEEDBACKSYSTEM/src/teacherfeedbacksystem/Homepage.java</file>
            <file>file:/C:/Users/USER/Documents/NetBeansProjects/TEACHERFEEDBACKSYSTEM/src/teacherfeedbacksystem/TeacherRegt.java</file>
            <file>file:/C:/Users/USER/Documents/NetBeansProjects/TEACHERFEEDBACKSYSTEM/src/teacherfeedbacksystem/feedbackformPAGE.java</file>
            <file>file:/C:/Users/USER/Documents/NetBeansProjects/TEACHERFEEDBACKSYSTEM/src/teacherfeedbacksystem/Thefeedbackform.java</file>
            <file>file:/C:/Users/USER/Documents/NetBeansProjects/TEACHERFEEDBACKSYSTEM/src/teacherfeedbacksystem/DBConnection.java</file>
            <file>file:/C:/Users/USER/Documents/NetBeansProjects/TEACHERFEEDBACKSYSTEM/src/teacherfeedbacksystem/Thankspage.java</file>
        </group>
    </open-files>
</project-private>
